{
    "training_loss_list": [
        0.3626891461649905,
        0.18525375178777714,
        0.16821017321420922,
        0.15733892223270537,
        0.15037461160391843,
        0.14446778279969016,
        0.13827874536536366,
        0.13403397042511192,
        0.13178058518586452,
        0.13001145398976308,
        0.12767046251547015,
        0.1260398663259433,
        0.1247147315435169,
        0.123973120026578,
        0.12337939635505477,
        0.12321242492561424,
        0.12322742149262259,
        0.12320583174910571,
        0.12335703737113073
    ],
    "validation_loss_list": [
        0.17493474655159394,
        0.15973313708186884,
        0.14959453521808186,
        0.14155630672813055,
        0.13832127445489145,
        0.13499555965698196,
        0.12799357860916016,
        0.12459431054604547,
        0.12274344558520503,
        0.1210219739126245,
        0.12058543208442152,
        0.12005249861234765,
        0.11863205418233261,
        0.12094526615054658,
        0.1166939538653521,
        0.11778510307913945,
        0.11796605261204904,
        0.12364920779329236,
        0.12527411328440596
    ],
    "training_accuracy_list": [
        0.825381815202329,
        0.9373040030780888,
        0.9409083402774757,
        0.9428488285904102,
        0.9446338920041915,
        0.9476330012674732,
        0.9512808405446123,
        0.9532274529364536,
        0.954091159237455,
        0.9545842531770243,
        0.9547314422459235,
        0.9548801095407659,
        0.9549778836281408,
        0.9550186404291416,
        0.9550135722259084,
        0.9550876946981949,
        0.9549084070088183,
        0.9548727184110507,
        0.9549092517093571
    ],
    "validation_accuracy_list": [
        0.9469486242549902,
        0.948697815093849,
        0.9506950574453089,
        0.9545843340928841,
        0.9561658763232265,
        0.9585540136445438,
        0.9597087362032038,
        0.9599157309137192,
        0.9600833795222357,
        0.9600611404211059,
        0.9600654171713232,
        0.960123580974278,
        0.9599824482171083,
        0.960078247421975,
        0.9602193801791445,
        0.9599037560131108,
        0.9598712527114597,
        0.9599738947166738,
        0.9599046113631543
    ]
}