{
    "training_loss_list": [
        0.33900251589186753,
        0.20278947359052343,
        0.1919453071862125,
        0.1878118964821405,
        0.1855764069390828,
        0.18390708540963133,
        0.18243838713165283,
        0.18099959209835262,
        0.17997275639785493,
        0.17930476015779998,
        0.17853185465762875,
        0.17716473277342634,
        0.17434557580198712,
        0.1727317819484471,
        0.1722113388477462,
        0.17208878733444558,
        0.1719896667281251,
        0.1718604964494976
    ],
    "validation_loss_list": [
        0.1929777979137697,
        0.1850721024678689,
        0.18256750476205216,
        0.18104414053732054,
        0.18055953511092274,
        0.17966906163103533,
        0.1785440731197407,
        0.17735029947000153,
        0.1776521536952583,
        0.1773231344265834,
        0.1770828809114796,
        0.17489213220260932,
        0.1702902079586995,
        0.1692889171348067,
        0.16931077580585394,
        0.17389516652948306,
        0.18866240506512383,
        0.17114164054503192
    ],
    "training_accuracy_list": [
        0.8474453071566953,
        0.9363635473442222,
        0.939793996065068,
        0.9405860291835769,
        0.9407718914489046,
        0.9407619110030461,
        0.9406487365132163,
        0.9405012895489291,
        0.9404764325894324,
        0.9403881150590992,
        0.9404206927408639,
        0.9405641851888678,
        0.9407958068569052,
        0.9408667998397102,
        0.9409266825148614,
        0.9410170714584859,
        0.940977337985351,
        0.9410472011063606
    ],
    "validation_accuracy_list": [
        0.9417555429637923,
        0.9420785675121306,
        0.9421274412026593,
        0.9421442415337786,
        0.9421801331502606,
        0.9422099155554265,
        0.9422038063441105,
        0.9422122065096701,
        0.942206097298354,
        0.9421831877559187,
        0.9422564982917118,
        0.9424382473283656,
        0.9432164081197527,
        0.9434791042063447,
        0.9434447398926917,
        0.9428406916238131,
        0.9331896650472166,
        0.9429720396671091
    ]
}