{
    "training_loss_list": [
        0.46814396624541255,
        0.1538663248140535,
        0.13702999107151453,
        0.12963961440425587,
        0.1248079093600905,
        0.1212427648074368,
        0.11804344112867765,
        0.11528247579344021,
        0.11312716922349,
        0.11143458121977987,
        0.11001136030553592,
        0.10900658893789718,
        0.10726581671902262,
        0.1065135659914707,
        0.10543633419902994,
        0.10441863290922164,
        0.10374661879027448,
        0.10313623599419103,
        0.10263921415969528,
        0.1020600634176638,
        0.1013099945469315,
        0.10090884534253088,
        0.10014745866186431,
        0.0992856520920706,
        0.0983937173883404,
        0.09709705639897254,
        0.09621072169988126,
        0.09485926951973155,
        0.09352274891524177,
        0.09217308135855434,
        0.09052121412548199,
        0.08917763027307075,
        0.08860996318443835,
        0.08772285485848988,
        0.08687112149372081,
        0.086211427826794,
        0.08562096194182538,
        0.0847224057965,
        0.0839878136677319,
        0.08368535298561039,
        0.08280611094685779,
        0.08221688890464408,
        0.0815017761695203,
        0.08080156498293642,
        0.08027668275082663,
        0.07989822189377904,
        0.07961700337751922,
        0.07940125422386543,
        0.07858895800797609,
        0.07857897956565409
    ],
    "validation_loss_list": [
        0.05715453086266309,
        0.046419999296743474,
        0.04191162792773861,
        0.03796899844070759,
        0.037133002892094265,
        0.0352397803047422,
        0.03489722430007518,
        0.03530554305035513,
        0.033484326739522854,
        0.0351282195306784,
        0.03165466874617083,
        0.0338810459581945,
        0.03221980795842506,
        0.030555468839202203,
        0.031283388695275055,
        0.028333586268328378,
        0.028649883871625047,
        0.028770025461868937,
        0.03370538803211873,
        0.030510064422933802,
        0.02719219871483673,
        0.03408332420468185,
        0.03299701609888405,
        0.031130101957909898,
        0.03292176602145158,
        0.02993369418265778,
        0.0413653932992721,
        0.024896833641470318,
        0.02923422752334533,
        0.037164945703523404,
        0.024117185056831546,
        0.021500878695711084,
        0.02755072830354888,
        0.023332362750074664,
        0.023591566896335004,
        0.029561647531800614,
        0.025473770534236117,
        0.029136380500009513,
        0.03318456335068429,
        0.037521001603638304,
        0.02115370478813409,
        0.03807653219394871,
        0.02364248162367312,
        0.027227451444830023,
        0.025529756309198022,
        0.0226157579821516,
        0.02925682182299369,
        0.0231738014341482,
        0.027759632813966883,
        0.025441764818465728
    ],
    "training_accuracy_list": [
        0.929882095155454,
        0.9514392932789795,
        0.9560129738263748,
        0.9584176963473828,
        0.9600650348449378,
        0.9612210717718342,
        0.9623577127379113,
        0.9634659188488064,
        0.9640850831126336,
        0.9648016038011564,
        0.9651906528793398,
        0.9656589805934938,
        0.9662079051157129,
        0.966540461104131,
        0.9669293218720153,
        0.9672822153727489,
        0.96743116881943,
        0.9677117511652641,
        0.9679467624186876,
        0.9681230208587552,
        0.9684322263700704,
        0.9684858948053474,
        0.9688293727911201,
        0.9691519483336798,
        0.9693466611830708,
        0.9696773340684968,
        0.9701724018451396,
        0.9704844320109431,
        0.9709004094619146,
        0.9713877565162896,
        0.9720462776326533,
        0.9725976501887622,
        0.9728302134082959,
        0.9731993015947623,
        0.9734220726787366,
        0.9737555702186509,
        0.9739058418374265,
        0.9742623132338453,
        0.9745031621065444,
        0.9745961873943579,
        0.9748136857899542,
        0.9749503990671861,
        0.9750304309443536,
        0.9753149678064712,
        0.975500076830602,
        0.9755823684313601,
        0.9756401796932199,
        0.9757932759664838,
        0.9760164236710566,
        0.9759785733009139
    ],
    "validation_accuracy_list": [
        0.9840396854367094,
        0.9868018126029975,
        0.9893272078307871,
        0.9914532133687871,
        0.9914715410027354,
        0.9924390873449215,
        0.9918984221434474,
        0.9921840277724746,
        0.9929400426728411,
        0.992604036050456,
        0.9927514207734567,
        0.9923558493407397,
        0.993069863413308,
        0.9935876190723468,
        0.9935570730157663,
        0.9948117522898088,
        0.9944024351316306,
        0.9942107586265883,
        0.9931492831604172,
        0.9940519191323698,
        0.9950255746858719,
        0.993033971796826,
        0.9936548203968238,
        0.9943436339727132,
        0.9935586003185953,
        0.9945757840027247,
        0.9901206416504645,
        0.9958785733158814,
        0.9949072087166227,
        0.9915715793380364,
        0.9961672335505667,
        0.996448257271107,
        0.9948461166034618,
        0.9958266450196945,
        0.9962741447485983,
        0.9941305752280645,
        0.9954700198091176,
        0.99455974732302,
        0.9930813181845257,
        0.9909850950516915,
        0.9967399721114504,
        0.9910790241756765,
        0.9961275236770121,
        0.9951668501975566,
        0.9956380231203102,
        0.9966154969308849,
        0.9943726527264647,
        0.9965353135323612,
        0.9951103399928828,
        0.995558603373201
    ]
}