{
    "training_loss_list": [
        0.35671415928222583,
        0.19931026635751836,
        0.1900318637047816,
        0.18709649128888148,
        0.18484032572731268,
        0.18273465985006024,
        0.18106819610179364,
        0.1795747917826472,
        0.17774924776449652,
        0.17466077893184281,
        0.1728564591476202,
        0.17227845015005203,
        0.17177944894778713,
        0.17163206023859545,
        0.171743966747849,
        0.17175557121792834,
        0.17192043817315844,
        0.171953771856143,
        0.1716229167819895,
        0.1714841800446159,
        0.1717056616763593,
        0.17161666202717712,
        0.1716699729261747
    ],
    "validation_loss_list": [
        0.19783429228760205,
        0.1854578686213594,
        0.18273117139898692,
        0.18152140267560585,
        0.18019190999746917,
        0.17986278337652303,
        0.17896866608658,
        0.17844827764953708,
        0.17701767978383726,
        0.17511075961735814,
        0.17495489424524446,
        0.1745157109724996,
        0.17401062164331088,
        0.17360272459283851,
        0.174397966033072,
        0.17333159227379075,
        0.17234437890964696,
        0.1742948382544535,
        0.1690570019647053,
        0.17013336625416295,
        0.1758663977548012,
        0.16948648970192165,
        0.1879149690818246
    ],
    "training_accuracy_list": [
        0.8345347530423411,
        0.9374664807667393,
        0.9402551679878517,
        0.9408342221579457,
        0.940926305894263,
        0.9409650978159019,
        0.9409470200271769,
        0.9409135007939162,
        0.9406980738116114,
        0.9408291377798668,
        0.94093666296072,
        0.9409897664650994,
        0.9410385388325967,
        0.9410844865456057,
        0.9410762008924402,
        0.9411181940891656,
        0.9411620703888833,
        0.9411325056719062,
        0.9411146161934806,
        0.9410863696485979,
        0.9409743250205634,
        0.9410212142850687,
        0.9410664087568809
    ],
    "validation_accuracy_list": [
        0.9419380556518605,
        0.9420770402093016,
        0.9420915495861772,
        0.9421595145620688,
        0.942167151076214,
        0.9421434778823641,
        0.9421938788757218,
        0.9421633328191413,
        0.9420449668498921,
        0.9423855553807642,
        0.9424382473283656,
        0.942567304417418,
        0.9426642881470609,
        0.9426352693933095,
        0.9425665407660034,
        0.9426375603475531,
        0.9428964381770725,
        0.9426429059074546,
        0.9435707423760861,
        0.9432400813136026,
        0.9426108325480451,
        0.9433164464550537,
        0.9422542073374682
    ]
}