{
    "training_loss_list": [
        1.4560951442799526,
        0.47553156307567174,
        0.43445297400562377,
        0.41576935574933843,
        0.40627877387495615,
        0.3992152262036448,
        0.39354343158012534,
        0.3894629943855659,
        0.3859506761827838,
        0.3820949380947004,
        0.37933495686531327,
        0.37683164037475086,
        0.37497157409093135,
        0.373149397513696,
        0.3717992144856451,
        0.37074264149719327,
        0.36936560447617656,
        0.36840109464071924,
        0.36737270357500146,
        0.366376263841341,
        0.3655328832588839
    ],
    "validation_loss_list": [
        0.6243730337638184,
        0.5201788769678785,
        0.47471533024535817,
        0.46378795023841163,
        0.4618024987554786,
        0.44762149364544324,
        0.44452454224879356,
        0.44299680223785354,
        0.4338237424130894,
        0.42771918074505155,
        0.4251941828204004,
        0.4240670862098925,
        0.43416294342850364,
        0.4282220985034772,
        0.428171098417049,
        0.4389976558633414,
        0.43974454240845406,
        0.4342313876215995,
        0.4372319779470874,
        0.4425764930183399,
        0.43139170847798275
    ],
    "training_accuracy_list": [
        0.6965269451406765,
        0.7541745721794143,
        0.8006705233519938,
        0.8166551048142169,
        0.8203307356337575,
        0.8237164228807778,
        0.8264016695212393,
        0.8284920319353234,
        0.8301084481250957,
        0.8321686241062316,
        0.8334983653181343,
        0.8346337212834732,
        0.8354937462170824,
        0.8365287370996259,
        0.837037099702904,
        0.8375571907928687,
        0.8381268876134106,
        0.8386475555141961,
        0.839118809954678,
        0.8396333252067097,
        0.8398957741301116
    ],
    "validation_accuracy_list": [
        0.7169460964190814,
        0.7326806276097685,
        0.7847431355181577,
        0.7812539541946096,
        0.7801594331266608,
        0.7877799569783627,
        0.7987568012147286,
        0.7823516386182462,
        0.7899436922687587,
        0.7981272934328736,
        0.7978109578641023,
        0.7990763001391876,
        0.7835853473364545,
        0.7905985068961154,
        0.7878811843603695,
        0.7776382386435531,
        0.7790649120587119,
        0.7850879412881184,
        0.7804061748703024,
        0.7768821966341896,
        0.7860274579273694
    ]
}