{
    "training_loss_list": [
        0.28920439266327275,
        0.20303066340690362,
        0.19350480246129362,
        0.18862763718167688,
        0.1853406406903045,
        0.183487535589845,
        0.1818749425058419,
        0.18058180213987418,
        0.17919152549614578,
        0.1779894951640421,
        0.17525384672547603,
        0.17299560975084033,
        0.17190854604182798,
        0.17145796843883204,
        0.17118023971719976,
        0.17096139578009245,
        0.17093865302373978,
        0.17083777726702967
    ],
    "validation_loss_list": [
        0.19376606878502303,
        0.18687534124657917,
        0.18374596146184322,
        0.18147753094823327,
        0.17968060470440464,
        0.17883714007246423,
        0.1781985706307507,
        0.17768337163358078,
        0.17745239684705486,
        0.17600321315899053,
        0.1726246727578393,
        0.1727740291318083,
        0.17058551929074453,
        0.16885401974600675,
        0.17041734776770479,
        0.1929944636075087,
        0.16936987535113118,
        0.1696956979637502
    ],
    "training_accuracy_list": [
        0.8960600589335912,
        0.9361466138795236,
        0.9390142031160081,
        0.9399683714021434,
        0.9403344466238223,
        0.940483023449905,
        0.9404506340784395,
        0.9404161732936828,
        0.9404568483183137,
        0.9403943292989735,
        0.9405033609622204,
        0.9406088147297823,
        0.940763605795739,
        0.9407135152561472,
        0.9408370468124339,
        0.940884689318136,
        0.9409123709321209,
        0.9408856308696321
    ],
    "validation_accuracy_list": [
        0.9416768868680976,
        0.9421419505795351,
        0.9421892969672347,
        0.9422007517384524,
        0.9421892969672347,
        0.9422007517384524,
        0.9422274795379604,
        0.9422564982917118,
        0.9422969718166809,
        0.9422916262567793,
        0.9426795611753511,
        0.9427078162776881,
        0.9430965148476744,
        0.9433867023851888,
        0.9431163697844518,
        0.9423000264223389,
        0.943231681148043,
        0.9431026240589906
    ]
}