{
    "training_loss_list": [
        4.372853947586125,
        0.4552602315678398,
        0.2562186664874309,
        0.16930240493239485,
        0.13236935018959942,
        0.11402625962287068,
        0.098734229206297,
        0.0886810388875017,
        0.08142039364908056,
        0.076470021859398,
        0.07234136853252272,
        0.06889334587043643,
        0.06615256029879477,
        0.0635584751673198,
        0.06155815561161037,
        0.059550256509732724,
        0.05797237823615796,
        0.056663250248458225,
        0.055802275054804305,
        0.05477613572843923,
        0.05367087918134121,
        0.053037094892629505,
        0.05182563918542867,
        0.051659278576829296,
        0.050790966768617836,
        0.05026799261185041,
        0.049225059293727655,
        0.048720876829800454,
        0.047668172568460544,
        0.04757955492714815,
        0.046756883188704884,
        0.04640379381007516,
        0.04611856658465933,
        0.04511045605085594,
        0.044775057508691984,
        0.044515257879285716,
        0.04396358822572648,
        0.0436186174048526,
        0.04316884310745236,
        0.04268677602601482,
        0.04193429343240715,
        0.04150172936493971,
        0.041018441914284096,
        0.0401959834766768,
        0.039877487402775844,
        0.03988117322133006,
        0.03942962166363981,
        0.038858132270457764,
        0.038581855395253585,
        0.03841500107539119,
        0.037867526354314195,
        0.03758722055947579,
        0.037523096265481476,
        0.03721789907717063,
        0.036872648767252075
    ],
    "validation_loss_list": [
        0.5969812489477515,
        0.23601351407825916,
        0.1594420009232687,
        0.10140460927035128,
        0.0820503630988187,
        0.06788906925948036,
        0.06456554125910603,
        0.05571139664910269,
        0.05100108977749286,
        0.047487856571518695,
        0.04508042482684954,
        0.04090449942878129,
        0.0394816698587295,
        0.04199245395918961,
        0.04446077771371517,
        0.034628135260327576,
        0.03513498131645967,
        0.03648186767328223,
        0.03362279370846619,
        0.032791056357857555,
        0.03497122357453365,
        0.035269981872425145,
        0.03648752746516186,
        0.03268154902578478,
        0.030715277702073503,
        0.03153964691545982,
        0.03008632436553248,
        0.030958710080227,
        0.028535901299149933,
        0.031101525762748425,
        0.030227151385163343,
        0.027581779228642023,
        0.027437935938764885,
        0.030386470211025824,
        0.02877970865353487,
        0.026353659041149488,
        0.02516945900001683,
        0.024693355113100675,
        0.02343012380641904,
        0.025892626497228205,
        0.025353128275415575,
        0.02410981028494897,
        0.023202860122191905,
        0.024270162216704208,
        0.02171682401788414,
        0.022754492192547056,
        0.021339190637734602,
        0.021375282227665496,
        0.023046739561736994,
        0.02187840405700107,
        0.021262414811608458,
        0.021417109263695857,
        0.023286127983290602,
        0.021636221786067524,
        0.022332429950816392
    ],
    "training_accuracy_list": [
        0.9067761032528151,
        0.9491703562482288,
        0.9564229550750242,
        0.9633552012224507,
        0.9677966366558644,
        0.9704764491154507,
        0.9731634415296175,
        0.9753989415057547,
        0.9770699703467876,
        0.9784003736955184,
        0.9794756774815084,
        0.9804263879380142,
        0.9811456504468677,
        0.9818520312725033,
        0.9824086889276231,
        0.9830441149079931,
        0.9834491488163845,
        0.9838594621031439,
        0.9841147728410193,
        0.9844110515550304,
        0.9846946597609582,
        0.9849757338652694,
        0.9853336757186184,
        0.9855036717020673,
        0.9856455813925986,
        0.9858540112505665,
        0.9861530352413288,
        0.986259678684362,
        0.9865447651162329,
        0.9867605861039159,
        0.9869392402678884,
        0.9869998475315528,
        0.987149359526934,
        0.9873328707190049,
        0.9875182824872883,
        0.9875997960892899,
        0.9877288240966033,
        0.9878717896628082,
        0.9879558373664264,
        0.9881534972925236,
        0.9883127233441018,
        0.9884774399491828,
        0.9885559970992983,
        0.9887454211951414,
        0.9888902873375588,
        0.9889601863071509,
        0.9891375734203149,
        0.9891952242320933,
        0.9892794831108462,
        0.9893793689495685,
        0.9895221233406386,
        0.9896304561847495,
        0.9896674118333254,
        0.9897964398406388,
        0.9898690840869822
    ],
    "validation_accuracy_list": [
        0.9661674843813082,
        0.9753257172965465,
        0.9784520217053627,
        0.978766790521353,
        0.9836217573679853,
        0.9854872758127536,
        0.9854188478092775,
        0.9866206146203272,
        0.9871132962453555,
        0.9877565194780312,
        0.988894135035822,
        0.9894655088648479,
        0.9898341647335755,
        0.989170413099857,
        0.9888915689856917,
        0.9908828238868475,
        0.9909375662896284,
        0.9902233490033461,
        0.990874270386413,
        0.991247203005358,
        0.9910384975947557,
        0.990891377387282,
        0.9908759810864999,
        0.9906647096257672,
        0.9919049671887723,
        0.9919323383901628,
        0.9920366910954639,
        0.9920289929450729,
        0.9925430583211874,
        0.9919263509398586,
        0.9924361395657559,
        0.9928809215883508,
        0.9928492736367431,
        0.9923463278111935,
        0.992877500188177,
        0.9933462320119886,
        0.9937935800847139,
        0.9938508885376252,
        0.9940476190476191,
        0.9936216547259801,
        0.9937610767830627,
        0.9941434182524856,
        0.9943401487624796,
        0.9935019057198968,
        0.994784075435031,
        0.994553130923299,
        0.9947507167833364,
        0.9949910701455463,
        0.9947276223321632,
        0.9948396731878554,
        0.9949577114938517,
        0.9947062385810769,
        0.9939039202403191,
        0.9945864895749936,
        0.9945471434729949
    ]
}