{
    "training_loss_list": [
        0.3238239084042321,
        0.18559294978877794,
        0.16644254137485806,
        0.15780214149410116,
        0.15272667669992201,
        0.14904755345199144,
        0.14611455850348734,
        0.1428760130517615,
        0.1391029469178774,
        0.1357004701336361,
        0.13294910796816883,
        0.1301155976602377,
        0.12794274022833085,
        0.12653269106179463,
        0.12540200444433794,
        0.12489251063209805,
        0.12463336188819264,
        0.12471953443025921,
        0.12469708068025906,
        0.1247990567345118,
        0.12477622423064713,
        0.12504115399875626,
        0.12511276477621402
    ],
    "validation_loss_list": [
        0.1769360828657346,
        0.15574864424588555,
        0.14616142917682642,
        0.14260738421457897,
        0.14100963889252255,
        0.13929805077833105,
        0.13672513255167854,
        0.13361447253917355,
        0.1297582574949628,
        0.12555425256295544,
        0.12359595991899132,
        0.12058104129824498,
        0.12002708007435778,
        0.11930344183233509,
        0.11799027093251872,
        0.11943527555065014,
        0.11833502752718071,
        0.11811568047625852,
        0.11774168418457255,
        0.11931353372239464,
        0.1193104335568081,
        0.11914893111733951,
        0.11956676067586679
    ],
    "training_accuracy_list": [
        0.861216968513365,
        0.9322094029529886,
        0.9372254459279732,
        0.9394698152597687,
        0.9411794891504551,
        0.9428950759449137,
        0.944681617584638,
        0.9466966507201283,
        0.9484844594106608,
        0.9498011363756349,
        0.9507277728667827,
        0.9516484964541583,
        0.9522873012366838,
        0.9527430171774078,
        0.9528840821674002,
        0.9531197536177468,
        0.9532373781677854,
        0.9531809944068154,
        0.9532363222921119,
        0.9531837396835667,
        0.9532217512078162,
        0.9531531192890325,
        0.9531178530415344
    ],
    "validation_accuracy_list": [
        0.9411527723605608,
        0.9434185946256646,
        0.9463669862254429,
        0.9491836539185297,
        0.9521354669184817,
        0.9533825672818345,
        0.9542516029259814,
        0.9543704965820212,
        0.9548152786046161,
        0.9551574186219969,
        0.9567928479050767,
        0.9569784588645057,
        0.9581562758743388,
        0.9582623392797268,
        0.9585386173437618,
        0.9584137362374178,
        0.9584907177413284,
        0.9584282771881565,
        0.9582050308268155,
        0.95852578709311,
        0.958667775200323,
        0.958561711794935,
        0.9587823921061455
    ]
}